{"cameraMode":{"drawMode":0,"name":"Shaded","section":"Shading Mode"},"sceneLighting":false,"audioPlay":false,"sceneViewState":{"showFog":true,"showMaterialUpdate":false,"showSkybox":false,"showFlares":true,"showImageEffects":true,"showParticleSystems":true},"in2DMode":false,"pivot":{"x":-0.3220548629760742,"y":1.9235426187515259,"z":0.04792308807373047},"rotation":{"x":-0.0748484805226326,"y":0.8784303665161133,"z":-0.146550253033638,"w":-0.4486454427242279},"size":5.955263614654541,"orthographic":false}